<linker>
  <assembly fullname="Assembly-CSharp, Version=0.0.0.0, Culture=neutral, PublicKeyToken=null">
    <type fullname="Employee.Personality.Quirk" preserve="all" />
    <type fullname="Level.Inventory.Room.Model" preserve="all" />
    <type fullname="Level.Room.CoreModel" preserve="all" />
    <type fullname="Level.Shop.Room.Model" preserve="all" />
    <type fullname="Location.MeetingRoomEmployeeBinder" preserve="all" />
    <type fullname="Location.NeedProvider" preserve="all" />
    <type fullname="Settings.GameSettings" preserve="all" />
    <type fullname="Settings.ProjectedTilesSettings" preserve="all" />
    <type fullname="TileBuilder.GridProperties" preserve="all" />
    <type fullname="TileBuilder.WallSolver" preserve="all" />
    <type fullname="TileUnion.MeetingRoomLogics" preserve="all" />
    <type fullname="TileUnion.Model" preserve="all" />
    <type fullname="TileUnion.Tile.TileImpl" preserve="all" />
    <type fullname="TileUnion.Tile.View" preserve="all" />
    <type fullname="TileUnion.TileUnionImpl" preserve="all" />
    <type fullname="Utils.Gizmo.SphereGizmo" preserve="all" />
    <type fullname="Location.NeedProvider/Filter" preserve="nothing" serialized="true" />
    <type fullname="TileUnion.Tile.CornerCollection" preserve="nothing" serialized="true" />
    <type fullname="TileUnion.Tile.CornerPrefabHandler" preserve="nothing" serialized="true" />
    <type fullname="TileUnion.Tile.WallCollection" preserve="nothing" serialized="true" />
    <type fullname="TileUnion.Tile.WallPrefabHandler" preserve="nothing" serialized="true" />
    <type fullname="Common.InternalUid" preserve="nothing" serialized="true" />
    <type fullname="Level.Room.GeneralRoomInfo" preserve="nothing" serialized="true" />
    <type fullname="Level.Room.RentCost" preserve="nothing" serialized="true" />
    <type fullname="Level.Shop.Room.Cost" preserve="nothing" serialized="true" />
    <type fullname="TileUnion.PlaceCondition.RequiredTile" preserve="nothing" serialized="true" />
    <type fullname="TileUnion.PlacingProperties" preserve="nothing" serialized="true" />
    <type fullname="Employee.Needs.Need/NeedProperties" preserve="nothing" serialized="true" />
    <type fullname="Level.GlobalTime.RealTimeSeconds" preserve="nothing" serialized="true" />
  </assembly>
  <assembly fullname="Unity.Addressables, Version=0.0.0.0, Culture=neutral, PublicKeyToken=null" preserve="all">
    <type fullname="UnityEngine.AddressableAssets.Addressables" preserve="all" />
  </assembly>
  <assembly fullname="Unity.ResourceManager, Version=0.0.0.0, Culture=neutral, PublicKeyToken=null" preserve="all">
    <type fullname="UnityEngine.ResourceManagement.ResourceProviders.AssetBundleProvider" preserve="all" />
    <type fullname="UnityEngine.ResourceManagement.ResourceProviders.BundledAssetProvider" preserve="all" />
    <type fullname="UnityEngine.ResourceManagement.ResourceProviders.InstanceProvider" preserve="all" />
    <type fullname="UnityEngine.ResourceManagement.ResourceProviders.SceneProvider" preserve="all" />
  </assembly>
  <assembly fullname="Unity.TextMeshPro, Version=0.0.0.0, Culture=neutral, PublicKeyToken=null">
    <type fullname="TMPro.TextMeshPro" preserve="all" />
    <type fullname="TMPro.TMP_FontAsset" preserve="all" />
    <type fullname="TMPro.TMP_Settings" preserve="all" />
    <type fullname="TMPro.TMP_SpriteAsset" preserve="all" />
    <type fullname="TMPro.TMP_StyleSheet" preserve="all" />
    <type fullname="TMPro.VertexGradient" preserve="nothing" serialized="true" />
    <type fullname="TMPro.FaceInfo_Legacy" preserve="nothing" serialized="true" />
    <type fullname="TMPro.FontAssetCreationSettings" preserve="nothing" serialized="true" />
    <type fullname="TMPro.KerningTable" preserve="nothing" serialized="true" />
    <type fullname="TMPro.TMP_Character" preserve="nothing" serialized="true" />
    <type fullname="TMPro.TMP_FontFeatureTable" preserve="nothing" serialized="true" />
    <type fullname="TMPro.TMP_FontWeightPair" preserve="nothing" serialized="true" />
    <type fullname="TMPro.TMP_GlyphAdjustmentRecord" preserve="nothing" serialized="true" />
    <type fullname="TMPro.TMP_GlyphPairAdjustmentRecord" preserve="nothing" serialized="true" />
    <type fullname="TMPro.TMP_GlyphValueRecord" preserve="nothing" serialized="true" />
    <type fullname="TMPro.TMP_Sprite" preserve="nothing" serialized="true" />
    <type fullname="TMPro.TMP_SpriteCharacter" preserve="nothing" serialized="true" />
    <type fullname="TMPro.TMP_SpriteGlyph" preserve="nothing" serialized="true" />
    <type fullname="TMPro.TMP_Style" preserve="nothing" serialized="true" />
  </assembly>
  <assembly fullname="UnityEngine.CoreModule, Version=0.0.0.0, Culture=neutral, PublicKeyToken=null">
    <type fullname="UnityEngine.GameObject" preserve="all" />
    <type fullname="UnityEngine.Material" preserve="all" />
    <type fullname="UnityEngine.Mesh" preserve="all" />
    <type fullname="UnityEngine.MeshFilter" preserve="all" />
    <type fullname="UnityEngine.MeshRenderer" preserve="all" />
    <type fullname="UnityEngine.Object" preserve="all" />
    <type fullname="UnityEngine.RectTransform" preserve="all" />
    <type fullname="UnityEngine.Shader" preserve="all" />
    <type fullname="UnityEngine.Sprite" preserve="all" />
    <type fullname="UnityEngine.TextAsset" preserve="all" />
    <type fullname="UnityEngine.Texture2D" preserve="all" />
    <type fullname="UnityEngine.Transform" preserve="all" />
    <type fullname="UnityEngine.Events.ArgumentCache" preserve="nothing" serialized="true" />
    <type fullname="UnityEngine.Events.PersistentCallGroup" preserve="nothing" serialized="true" />
    <type fullname="UnityEngine.Events.PersistentListenerMode" preserve="nothing" serialized="true" />
    <type fullname="UnityEngine.Events.UnityEvent`1[Employee.EmployeeImpl]" preserve="nothing" serialized="true" />
    <type fullname="UnityEngine.Events.UnityEvent`1[TileUnion.Tile.State]" preserve="nothing" serialized="true" />
  </assembly>
  <assembly fullname="UnityEngine.PhysicsModule, Version=0.0.0.0, Culture=neutral, PublicKeyToken=null">
    <type fullname="UnityEngine.BoxCollider" preserve="all" />
  </assembly>
  <assembly fullname="UnityEngine.TextRenderingModule, Version=0.0.0.0, Culture=neutral, PublicKeyToken=null">
    <type fullname="UnityEngine.Font" preserve="all" />
  </assembly>
  <assembly fullname="UnityEngine.TextCoreFontEngineModule">
    <type fullname="UnityEngine.TextCore.FaceInfo" preserve="nothing" serialized="true" />
    <type fullname="UnityEngine.TextCore.Glyph" preserve="nothing" serialized="true" />
    <type fullname="UnityEngine.TextCore.GlyphMetrics" preserve="nothing" serialized="true" />
    <type fullname="UnityEngine.TextCore.GlyphRect" preserve="nothing" serialized="true" />
  </assembly>
  <assembly fullname="UnityEngine.UI">
    <type fullname="UnityEngine.UI.MaskableGraphic/CullStateChangedEvent" preserve="nothing" serialized="true" />
  </assembly>
</linker>